Group_Num,H,L,M
0,0.9789622231871472,0.011659172244077162,0.9804692301160207
1,0.1695397307859314,0.9979217213754182,0.07051886833894482
