Group_Num,H,L,M
0,0.9999249093027236,0.00020563321448690782,0.8058095364690115
1,0.0005406170228534563,0.9999626091813165,0.31931239235366443
