Gleason,H,L,M
0,0.9999989780981114,0.7471249439157437,2.798790894167686e-06
1,1.8058742440996027e-05,0.5252168310118106,0.9999999110927368
