,Purity_H,Purity_L,Purity_M
1,0.8333333333333334,0.8187134502923976,1.3478260869565217
2,0.8333333333333334,0.8187134502923976,1.3478260869565217
