,Purity_H,Purity_L,Purity_M
1,1.0,1.0,0.34985995862015695
2,0.5022818689428596,0.44873570887589714,1.0
