Cluster,OR,P,Q
H,1.2,1.0,1.0
L,1.2214285714285715,0.8030261102274525,1.0
M,0.7419354838709677,0.6331497389035596,1.0
